{
  "best_metric": null,
  "best_model_checkpoint": null,
  "epoch": 1.0,
  "eval_steps": 500,
  "global_step": 234,
  "is_hyper_param_search": false,
  "is_local_process_zero": true,
  "is_world_process_zero": true,
  "log_history": [
    {
      "epoch": 0.21367521367521367,
      "grad_norm": 1.991577386856079,
      "learning_rate": 3.931623931623932e-05,
      "loss": 7.5979,
      "step": 50
    },
    {
      "epoch": 0.42735042735042733,
      "grad_norm": 0.5073356628417969,
      "learning_rate": 2.863247863247863e-05,
      "loss": 5.5589,
      "step": 100
    },
    {
      "epoch": 0.6410256410256411,
      "grad_norm": 0.4534918963909149,
      "learning_rate": 1.794871794871795e-05,
      "loss": 5.1126,
      "step": 150
    },
    {
      "epoch": 0.8547008547008547,
      "grad_norm": 0.33934175968170166,
      "learning_rate": 7.264957264957266e-06,
      "loss": 5.0296,
      "step": 200
    }
  ],
  "logging_steps": 50,
  "max_steps": 234,
  "num_input_tokens_seen": 0,
  "num_train_epochs": 1,
  "save_steps": 500,
  "stateful_callbacks": {
    "TrainerControl": {
      "args": {
        "should_epoch_stop": false,
        "should_evaluate": false,
        "should_log": false,
        "should_save": true,
        "should_training_stop": true
      },
      "attributes": {}
    }
  },
  "total_flos": 993105393942528.0,
  "train_batch_size": 128,
  "trial_name": null,
  "trial_params": null
}
